"Id","Event","Risk","Name","SizeMB","Modified","Path"
"J001","JpGU 2026","conference/travel-review","LINE_ALBUM_JpGU (2026524)_260601_1.jpg","0.19","2026/6/1 上午 11:01:22","C:\Users\YFLin\OneDrive - 中原大學\中原林穎凡資料夾\2. 研究計畫\2026研討會\JpGU\照片\LINE_ALBUM_JpGU (2026524)_260601_1.jpg"
"J002","JpGU 2026","conference/travel-review","LINE_ALBUM_JpGU (2026524)_260601_10.jpg","0.17","2026/6/1 上午 11:01:32","C:\Users\YFLin\OneDrive - 中原大學\中原林穎凡資料夾\2. 研究計畫\2026研討會\JpGU\照片\LINE_ALBUM_JpGU (2026524)_260601_10.jpg"
"J003","JpGU 2026","conference/travel-review","LINE_ALBUM_JpGU (2026524)_260601_11.jpg","0.19","2026/6/1 上午 11:01:32","C:\Users\YFLin\OneDrive - 中原大學\中原林穎凡資料夾\2. 研究計畫\2026研討會\JpGU\照片\LINE_ALBUM_JpGU (2026524)_260601_11.jpg"
"J004","JpGU 2026","conference/travel-review","LINE_ALBUM_JpGU (2026524)_260601_12.jpg","0.18","2026/6/1 上午 11:01:33","C:\Users\YFLin\OneDrive - 中原大學\中原林穎凡資料夾\2. 研究計畫\2026研討會\JpGU\照片\LINE_ALBUM_JpGU (2026524)_260601_12.jpg"
"J005","JpGU 2026","conference/travel-review","LINE_ALBUM_JpGU (2026524)_260601_13.jpg","0.17","2026/6/1 上午 11:01:35","C:\Users\YFLin\OneDrive - 中原大學\中原林穎凡資料夾\2. 研究計畫\2026研討會\JpGU\照片\LINE_ALBUM_JpGU (2026524)_260601_13.jpg"
"J006","JpGU 2026","conference/travel-review","LINE_ALBUM_JpGU (2026524)_260601_14.jpg","0.17","2026/6/1 上午 11:01:35","C:\Users\YFLin\OneDrive - 中原大學\中原林穎凡資料夾\2. 研究計畫\2026研討會\JpGU\照片\LINE_ALBUM_JpGU (2026524)_260601_14.jpg"
"J007","JpGU 2026","conference/travel-review","LINE_ALBUM_JpGU (2026524)_260601_15.jpg","0.17","2026/6/1 上午 11:01:37","C:\Users\YFLin\OneDrive - 中原大學\中原林穎凡資料夾\2. 研究計畫\2026研討會\JpGU\照片\LINE_ALBUM_JpGU (2026524)_260601_15.jpg"
"J008","JpGU 2026","conference/travel-review","LINE_ALBUM_JpGU (2026524)_260601_16.jpg","0.17","2026/6/1 上午 11:01:38","C:\Users\YFLin\OneDrive - 中原大學\中原林穎凡資料夾\2. 研究計畫\2026研討會\JpGU\照片\LINE_ALBUM_JpGU (2026524)_260601_16.jpg"
"J009","JpGU 2026","conference/travel-review","LINE_ALBUM_JpGU (2026524)_260601_17.jpg","0.13","2026/6/1 上午 11:01:39","C:\Users\YFLin\OneDrive - 中原大學\中原林穎凡資料夾\2. 研究計畫\2026研討會\JpGU\照片\LINE_ALBUM_JpGU (2026524)_260601_17.jpg"
"J010","JpGU 2026","conference/travel-review","LINE_ALBUM_JpGU (2026524)_260601_18.jpg","0.13","2026/6/1 上午 11:01:40","C:\Users\YFLin\OneDrive - 中原大學\中原林穎凡資料夾\2. 研究計畫\2026研討會\JpGU\照片\LINE_ALBUM_JpGU (2026524)_260601_18.jpg"
"J011","JpGU 2026","conference/travel-review","LINE_ALBUM_JpGU (2026524)_260601_19.jpg","0.14","2026/6/1 上午 11:01:41","C:\Users\YFLin\OneDrive - 中原大學\中原林穎凡資料夾\2. 研究計畫\2026研討會\JpGU\照片\LINE_ALBUM_JpGU (2026524)_260601_19.jpg"
"J012","JpGU 2026","conference/travel-review","LINE_ALBUM_JpGU (2026524)_260601_2.jpg","0.18","2026/6/1 上午 11:01:24","C:\Users\YFLin\OneDrive - 中原大學\中原林穎凡資料夾\2. 研究計畫\2026研討會\JpGU\照片\LINE_ALBUM_JpGU (2026524)_260601_2.jpg"
"J013","JpGU 2026","conference/travel-review","LINE_ALBUM_JpGU (2026524)_260601_20.jpg","0.19","2026/6/1 上午 11:01:44","C:\Users\YFLin\OneDrive - 中原大學\中原林穎凡資料夾\2. 研究計畫\2026研討會\JpGU\照片\LINE_ALBUM_JpGU (2026524)_260601_20.jpg"
"J014","JpGU 2026","conference/travel-review","LINE_ALBUM_JpGU (2026524)_260601_21.jpg","0.17","2026/6/1 上午 11:01:45","C:\Users\YFLin\OneDrive - 中原大學\中原林穎凡資料夾\2. 研究計畫\2026研討會\JpGU\照片\LINE_ALBUM_JpGU (2026524)_260601_21.jpg"
"J015","JpGU 2026","conference/travel-review","LINE_ALBUM_JpGU (2026524)_260601_22.jpg","0.18","2026/6/1 上午 11:01:46","C:\Users\YFLin\OneDrive - 中原大學\中原林穎凡資料夾\2. 研究計畫\2026研討會\JpGU\照片\LINE_ALBUM_JpGU (2026524)_260601_22.jpg"
"J016","JpGU 2026","conference/travel-review","LINE_ALBUM_JpGU (2026524)_260601_23.jpg","0.18","2026/6/1 上午 11:01:48","C:\Users\YFLin\OneDrive - 中原大學\中原林穎凡資料夾\2. 研究計畫\2026研討會\JpGU\照片\LINE_ALBUM_JpGU (2026524)_260601_23.jpg"
"J017","JpGU 2026","conference/travel-review","LINE_ALBUM_JpGU (2026524)_260601_24.jpg","0.16","2026/6/1 上午 11:01:49","C:\Users\YFLin\OneDrive - 中原大學\中原林穎凡資料夾\2. 研究計畫\2026研討會\JpGU\照片\LINE_ALBUM_JpGU (2026524)_260601_24.jpg"
"J018","JpGU 2026","conference/travel-review","LINE_ALBUM_JpGU (2026524)_260601_25.jpg","0.19","2026/6/1 上午 11:01:50","C:\Users\YFLin\OneDrive - 中原大學\中原林穎凡資料夾\2. 研究計畫\2026研討會\JpGU\照片\LINE_ALBUM_JpGU (2026524)_260601_25.jpg"
"J019","JpGU 2026","conference/travel-review","LINE_ALBUM_JpGU (2026524)_260601_26.jpg","0.19","2026/6/1 上午 11:01:51","C:\Users\YFLin\OneDrive - 中原大學\中原林穎凡資料夾\2. 研究計畫\2026研討會\JpGU\照片\LINE_ALBUM_JpGU (2026524)_260601_26.jpg"
"J020","JpGU 2026","conference/travel-review","LINE_ALBUM_JpGU (2026524)_260601_27.jpg","0.11","2026/6/1 上午 11:01:52","C:\Users\YFLin\OneDrive - 中原大學\中原林穎凡資料夾\2. 研究計畫\2026研討會\JpGU\照片\LINE_ALBUM_JpGU (2026524)_260601_27.jpg"
"J021","JpGU 2026","conference/travel-review","LINE_ALBUM_JpGU (2026524)_260601_28.jpg","0.16","2026/6/1 上午 11:01:53","C:\Users\YFLin\OneDrive - 中原大學\中原林穎凡資料夾\2. 研究計畫\2026研討會\JpGU\照片\LINE_ALBUM_JpGU (2026524)_260601_28.jpg"
"J022","JpGU 2026","conference/travel-review","LINE_ALBUM_JpGU (2026524)_260601_29.jpg","0.13","2026/6/1 上午 11:01:54","C:\Users\YFLin\OneDrive - 中原大學\中原林穎凡資料夾\2. 研究計畫\2026研討會\JpGU\照片\LINE_ALBUM_JpGU (2026524)_260601_29.jpg"
"J023","JpGU 2026","conference/travel-review","LINE_ALBUM_JpGU (2026524)_260601_3.jpg","0.17","2026/6/1 上午 11:01:25","C:\Users\YFLin\OneDrive - 中原大學\中原林穎凡資料夾\2. 研究計畫\2026研討會\JpGU\照片\LINE_ALBUM_JpGU (2026524)_260601_3.jpg"
"J024","JpGU 2026","conference/travel-review","LINE_ALBUM_JpGU (2026524)_260601_30.jpg","0.13","2026/6/1 上午 11:01:55","C:\Users\YFLin\OneDrive - 中原大學\中原林穎凡資料夾\2. 研究計畫\2026研討會\JpGU\照片\LINE_ALBUM_JpGU (2026524)_260601_30.jpg"
"J025","JpGU 2026","conference/travel-review","LINE_ALBUM_JpGU (2026524)_260601_31.jpg","0.16","2026/6/1 上午 11:01:56","C:\Users\YFLin\OneDrive - 中原大學\中原林穎凡資料夾\2. 研究計畫\2026研討會\JpGU\照片\LINE_ALBUM_JpGU (2026524)_260601_31.jpg"
"J026","JpGU 2026","conference/travel-review","LINE_ALBUM_JpGU (2026524)_260601_32.jpg","0.26","2026/6/1 上午 11:01:58","C:\Users\YFLin\OneDrive - 中原大學\中原林穎凡資料夾\2. 研究計畫\2026研討會\JpGU\照片\LINE_ALBUM_JpGU (2026524)_260601_32.jpg"
"J027","JpGU 2026","conference/travel-review","LINE_ALBUM_JpGU (2026524)_260601_33.jpg","0.17","2026/6/1 上午 11:01:58","C:\Users\YFLin\OneDrive - 中原大學\中原林穎凡資料夾\2. 研究計畫\2026研討會\JpGU\照片\LINE_ALBUM_JpGU (2026524)_260601_33.jpg"
"J028","JpGU 2026","conference/travel-review","LINE_ALBUM_JpGU (2026524)_260601_34.jpg","0.19","2026/6/1 上午 11:01:59","C:\Users\YFLin\OneDrive - 中原大學\中原林穎凡資料夾\2. 研究計畫\2026研討會\JpGU\照片\LINE_ALBUM_JpGU (2026524)_260601_34.jpg"
"J029","JpGU 2026","conference/travel-review","LINE_ALBUM_JpGU (2026524)_260601_4.jpg","0.17","2026/6/1 上午 11:01:26","C:\Users\YFLin\OneDrive - 中原大學\中原林穎凡資料夾\2. 研究計畫\2026研討會\JpGU\照片\LINE_ALBUM_JpGU (2026524)_260601_4.jpg"
"J030","JpGU 2026","conference/travel-review","LINE_ALBUM_JpGU (2026524)_260601_5.jpg","0.17","2026/6/1 上午 11:01:27","C:\Users\YFLin\OneDrive - 中原大學\中原林穎凡資料夾\2. 研究計畫\2026研討會\JpGU\照片\LINE_ALBUM_JpGU (2026524)_260601_5.jpg"
"J031","JpGU 2026","conference/travel-review","LINE_ALBUM_JpGU (2026524)_260601_6.jpg","0.17","2026/6/1 上午 11:01:28","C:\Users\YFLin\OneDrive - 中原大學\中原林穎凡資料夾\2. 研究計畫\2026研討會\JpGU\照片\LINE_ALBUM_JpGU (2026524)_260601_6.jpg"
"J032","JpGU 2026","conference/travel-review","LINE_ALBUM_JpGU (2026524)_260601_7.jpg","0.16","2026/6/1 上午 11:01:29","C:\Users\YFLin\OneDrive - 中原大學\中原林穎凡資料夾\2. 研究計畫\2026研討會\JpGU\照片\LINE_ALBUM_JpGU (2026524)_260601_7.jpg"
"J033","JpGU 2026","conference/travel-review","LINE_ALBUM_JpGU (2026524)_260601_8.jpg","0.18","2026/6/1 上午 11:01:30","C:\Users\YFLin\OneDrive - 中原大學\中原林穎凡資料夾\2. 研究計畫\2026研討會\JpGU\照片\LINE_ALBUM_JpGU (2026524)_260601_8.jpg"
"J034","JpGU 2026","conference/travel-review","LINE_ALBUM_JpGU (2026524)_260601_9.jpg","0.16","2026/6/1 上午 11:01:31","C:\Users\YFLin\OneDrive - 中原大學\中原林穎凡資料夾\2. 研究計畫\2026研討會\JpGU\照片\LINE_ALBUM_JpGU (2026524)_260601_9.jpg"
"J035","JpGU 2026","conference/travel-review","LINE_ALBUM_JpGU poster(2026525)_260601_1.jpg","0.3","2026/6/1 上午 11:02:50","C:\Users\YFLin\OneDrive - 中原大學\中原林穎凡資料夾\2. 研究計畫\2026研討會\JpGU\照片\LINE_ALBUM_JpGU poster(2026525)_260601_1.jpg"
"J036","JpGU 2026","conference/travel-review","LINE_ALBUM_JpGU poster(2026525)_260601_10.jpg","0.45","2026/6/1 上午 11:03:22","C:\Users\YFLin\OneDrive - 中原大學\中原林穎凡資料夾\2. 研究計畫\2026研討會\JpGU\照片\LINE_ALBUM_JpGU poster(2026525)_260601_10.jpg"
"J037","JpGU 2026","conference/travel-review","LINE_ALBUM_JpGU poster(2026525)_260601_11.jpg","0.47","2026/6/1 上午 11:03:26","C:\Users\YFLin\OneDrive - 中原大學\中原林穎凡資料夾\2. 研究計畫\2026研討會\JpGU\照片\LINE_ALBUM_JpGU poster(2026525)_260601_11.jpg"
"J038","JpGU 2026","conference/travel-review","LINE_ALBUM_JpGU poster(2026525)_260601_12.jpg","0.28","2026/6/1 上午 11:03:29","C:\Users\YFLin\OneDrive - 中原大學\中原林穎凡資料夾\2. 研究計畫\2026研討會\JpGU\照片\LINE_ALBUM_JpGU poster(2026525)_260601_12.jpg"
"J039","JpGU 2026","conference/travel-review","LINE_ALBUM_JpGU poster(2026525)_260601_13.jpg","0.2","2026/6/1 上午 11:03:30","C:\Users\YFLin\OneDrive - 中原大學\中原林穎凡資料夾\2. 研究計畫\2026研討會\JpGU\照片\LINE_ALBUM_JpGU poster(2026525)_260601_13.jpg"
"J040","JpGU 2026","conference/travel-review","LINE_ALBUM_JpGU poster(2026525)_260601_14.jpg","0.2","2026/6/1 上午 11:03:31","C:\Users\YFLin\OneDrive - 中原大學\中原林穎凡資料夾\2. 研究計畫\2026研討會\JpGU\照片\LINE_ALBUM_JpGU poster(2026525)_260601_14.jpg"
"J041","JpGU 2026","conference/travel-review","LINE_ALBUM_JpGU poster(2026525)_260601_15.jpg","0.2","2026/6/1 上午 11:03:33","C:\Users\YFLin\OneDrive - 中原大學\中原林穎凡資料夾\2. 研究計畫\2026研討會\JpGU\照片\LINE_ALBUM_JpGU poster(2026525)_260601_15.jpg"
"J042","JpGU 2026","conference/travel-review","LINE_ALBUM_JpGU poster(2026525)_260601_16.jpg","0.18","2026/6/1 上午 11:03:36","C:\Users\YFLin\OneDrive - 中原大學\中原林穎凡資料夾\2. 研究計畫\2026研討會\JpGU\照片\LINE_ALBUM_JpGU poster(2026525)_260601_16.jpg"
"J043","JpGU 2026","conference/travel-review","LINE_ALBUM_JpGU poster(2026525)_260601_17.jpg","0.17","2026/6/1 上午 11:03:37","C:\Users\YFLin\OneDrive - 中原大學\中原林穎凡資料夾\2. 研究計畫\2026研討會\JpGU\照片\LINE_ALBUM_JpGU poster(2026525)_260601_17.jpg"
"J044","JpGU 2026","conference/travel-review","LINE_ALBUM_JpGU poster(2026525)_260601_18.jpg","0.21","2026/6/1 上午 11:03:39","C:\Users\YFLin\OneDrive - 中原大學\中原林穎凡資料夾\2. 研究計畫\2026研討會\JpGU\照片\LINE_ALBUM_JpGU poster(2026525)_260601_18.jpg"
"J045","JpGU 2026","conference/travel-review","LINE_ALBUM_JpGU poster(2026525)_260601_19.jpg","0.2","2026/6/1 上午 11:03:40","C:\Users\YFLin\OneDrive - 中原大學\中原林穎凡資料夾\2. 研究計畫\2026研討會\JpGU\照片\LINE_ALBUM_JpGU poster(2026525)_260601_19.jpg"
"J046","JpGU 2026","conference/travel-review","LINE_ALBUM_JpGU poster(2026525)_260601_2.jpg","0.48","2026/6/1 上午 11:02:54","C:\Users\YFLin\OneDrive - 中原大學\中原林穎凡資料夾\2. 研究計畫\2026研討會\JpGU\照片\LINE_ALBUM_JpGU poster(2026525)_260601_2.jpg"
"J047","JpGU 2026","conference/travel-review","LINE_ALBUM_JpGU poster(2026525)_260601_20.jpg","0.18","2026/6/1 上午 11:03:42","C:\Users\YFLin\OneDrive - 中原大學\中原林穎凡資料夾\2. 研究計畫\2026研討會\JpGU\照片\LINE_ALBUM_JpGU poster(2026525)_260601_20.jpg"
"J048","JpGU 2026","conference/travel-review","LINE_ALBUM_JpGU poster(2026525)_260601_21.jpg","0.18","2026/6/1 上午 11:03:43","C:\Users\YFLin\OneDrive - 中原大學\中原林穎凡資料夾\2. 研究計畫\2026研討會\JpGU\照片\LINE_ALBUM_JpGU poster(2026525)_260601_21.jpg"
"J049","JpGU 2026","conference/travel-review","LINE_ALBUM_JpGU poster(2026525)_260601_22.jpg","0.19","2026/6/1 上午 11:03:45","C:\Users\YFLin\OneDrive - 中原大學\中原林穎凡資料夾\2. 研究計畫\2026研討會\JpGU\照片\LINE_ALBUM_JpGU poster(2026525)_260601_22.jpg"
"J050","JpGU 2026","conference/travel-review","LINE_ALBUM_JpGU poster(2026525)_260601_23.jpg","0.17","2026/6/1 上午 11:03:46","C:\Users\YFLin\OneDrive - 中原大學\中原林穎凡資料夾\2. 研究計畫\2026研討會\JpGU\照片\LINE_ALBUM_JpGU poster(2026525)_260601_23.jpg"
"J051","JpGU 2026","conference/travel-review","LINE_ALBUM_JpGU poster(2026525)_260601_24.jpg","0.19","2026/6/1 上午 11:03:48","C:\Users\YFLin\OneDrive - 中原大學\中原林穎凡資料夾\2. 研究計畫\2026研討會\JpGU\照片\LINE_ALBUM_JpGU poster(2026525)_260601_24.jpg"
"J052","JpGU 2026","conference/travel-review","LINE_ALBUM_JpGU poster(2026525)_260601_25.jpg","0.17","2026/6/1 上午 11:03:48","C:\Users\YFLin\OneDrive - 中原大學\中原林穎凡資料夾\2. 研究計畫\2026研討會\JpGU\照片\LINE_ALBUM_JpGU poster(2026525)_260601_25.jpg"
"J053","JpGU 2026","conference/travel-review","LINE_ALBUM_JpGU poster(2026525)_260601_26.jpg","0.17","2026/6/1 上午 11:03:50","C:\Users\YFLin\OneDrive - 中原大學\中原林穎凡資料夾\2. 研究計畫\2026研討會\JpGU\照片\LINE_ALBUM_JpGU poster(2026525)_260601_26.jpg"
"J054","JpGU 2026","conference/travel-review","LINE_ALBUM_JpGU poster(2026525)_260601_27.jpg","0.18","2026/6/1 上午 11:03:51","C:\Users\YFLin\OneDrive - 中原大學\中原林穎凡資料夾\2. 研究計畫\2026研討會\JpGU\照片\LINE_ALBUM_JpGU poster(2026525)_260601_27.jpg"
"J055","JpGU 2026","conference/travel-review","LINE_ALBUM_JpGU poster(2026525)_260601_28.jpg","0.21","2026/6/1 上午 11:03:52","C:\Users\YFLin\OneDrive - 中原大學\中原林穎凡資料夾\2. 研究計畫\2026研討會\JpGU\照片\LINE_ALBUM_JpGU poster(2026525)_260601_28.jpg"
"J056","JpGU 2026","conference/travel-review","LINE_ALBUM_JpGU poster(2026525)_260601_29.jpg","0.18","2026/6/1 上午 11:03:53","C:\Users\YFLin\OneDrive - 中原大學\中原林穎凡資料夾\2. 研究計畫\2026研討會\JpGU\照片\LINE_ALBUM_JpGU poster(2026525)_260601_29.jpg"
"J057","JpGU 2026","conference/travel-review","LINE_ALBUM_JpGU poster(2026525)_260601_3.jpg","0.43","2026/6/1 上午 11:03:00","C:\Users\YFLin\OneDrive - 中原大學\中原林穎凡資料夾\2. 研究計畫\2026研討會\JpGU\照片\LINE_ALBUM_JpGU poster(2026525)_260601_3.jpg"
"J058","JpGU 2026","conference/travel-review","LINE_ALBUM_JpGU poster(2026525)_260601_30.jpg","0.18","2026/6/1 上午 11:03:55","C:\Users\YFLin\OneDrive - 中原大學\中原林穎凡資料夾\2. 研究計畫\2026研討會\JpGU\照片\LINE_ALBUM_JpGU poster(2026525)_260601_30.jpg"
"J059","JpGU 2026","conference/travel-review","LINE_ALBUM_JpGU poster(2026525)_260601_31.jpg","0.17","2026/6/1 上午 11:03:57","C:\Users\YFLin\OneDrive - 中原大學\中原林穎凡資料夾\2. 研究計畫\2026研討會\JpGU\照片\LINE_ALBUM_JpGU poster(2026525)_260601_31.jpg"
"J060","JpGU 2026","conference/travel-review","LINE_ALBUM_JpGU poster(2026525)_260601_32.jpg","0.22","2026/6/1 上午 11:04:00","C:\Users\YFLin\OneDrive - 中原大學\中原林穎凡資料夾\2. 研究計畫\2026研討會\JpGU\照片\LINE_ALBUM_JpGU poster(2026525)_260601_32.jpg"
"J061","JpGU 2026","conference/travel-review","LINE_ALBUM_JpGU poster(2026525)_260601_33.jpg","0.16","2026/6/1 上午 11:04:05","C:\Users\YFLin\OneDrive - 中原大學\中原林穎凡資料夾\2. 研究計畫\2026研討會\JpGU\照片\LINE_ALBUM_JpGU poster(2026525)_260601_33.jpg"
"J062","JpGU 2026","conference/travel-review","LINE_ALBUM_JpGU poster(2026525)_260601_34.jpg","0.2","2026/6/1 上午 11:04:08","C:\Users\YFLin\OneDrive - 中原大學\中原林穎凡資料夾\2. 研究計畫\2026研討會\JpGU\照片\LINE_ALBUM_JpGU poster(2026525)_260601_34.jpg"
"J063","JpGU 2026","conference/travel-review","LINE_ALBUM_JpGU poster(2026525)_260601_35.jpg","0.19","2026/6/1 上午 11:04:11","C:\Users\YFLin\OneDrive - 中原大學\中原林穎凡資料夾\2. 研究計畫\2026研討會\JpGU\照片\LINE_ALBUM_JpGU poster(2026525)_260601_35.jpg"
"J064","JpGU 2026","conference/travel-review","LINE_ALBUM_JpGU poster(2026525)_260601_36.jpg","0.2","2026/6/1 上午 11:04:15","C:\Users\YFLin\OneDrive - 中原大學\中原林穎凡資料夾\2. 研究計畫\2026研討會\JpGU\照片\LINE_ALBUM_JpGU poster(2026525)_260601_36.jpg"
"J065","JpGU 2026","conference/travel-review","LINE_ALBUM_JpGU poster(2026525)_260601_37.jpg","0.2","2026/6/1 上午 11:04:18","C:\Users\YFLin\OneDrive - 中原大學\中原林穎凡資料夾\2. 研究計畫\2026研討會\JpGU\照片\LINE_ALBUM_JpGU poster(2026525)_260601_37.jpg"
"J066","JpGU 2026","conference/travel-review","LINE_ALBUM_JpGU poster(2026525)_260601_38.jpg","0.2","2026/6/1 上午 11:04:20","C:\Users\YFLin\OneDrive - 中原大學\中原林穎凡資料夾\2. 研究計畫\2026研討會\JpGU\照片\LINE_ALBUM_JpGU poster(2026525)_260601_38.jpg"
"J067","JpGU 2026","conference/travel-review","LINE_ALBUM_JpGU poster(2026525)_260601_39.jpg","0.18","2026/6/1 上午 11:04:22","C:\Users\YFLin\OneDrive - 中原大學\中原林穎凡資料夾\2. 研究計畫\2026研討會\JpGU\照片\LINE_ALBUM_JpGU poster(2026525)_260601_39.jpg"
"J068","JpGU 2026","conference/travel-review","LINE_ALBUM_JpGU poster(2026525)_260601_4.jpg","0.42","2026/6/1 上午 11:03:03","C:\Users\YFLin\OneDrive - 中原大學\中原林穎凡資料夾\2. 研究計畫\2026研討會\JpGU\照片\LINE_ALBUM_JpGU poster(2026525)_260601_4.jpg"
"J069","JpGU 2026","conference/travel-review","LINE_ALBUM_JpGU poster(2026525)_260601_40.jpg","0.17","2026/6/1 上午 11:04:24","C:\Users\YFLin\OneDrive - 中原大學\中原林穎凡資料夾\2. 研究計畫\2026研討會\JpGU\照片\LINE_ALBUM_JpGU poster(2026525)_260601_40.jpg"
"J070","JpGU 2026","conference/travel-review","LINE_ALBUM_JpGU poster(2026525)_260601_41.jpg","0.17","2026/6/1 上午 11:04:25","C:\Users\YFLin\OneDrive - 中原大學\中原林穎凡資料夾\2. 研究計畫\2026研討會\JpGU\照片\LINE_ALBUM_JpGU poster(2026525)_260601_41.jpg"
"J071","JpGU 2026","conference/travel-review","LINE_ALBUM_JpGU poster(2026525)_260601_42.jpg","0.18","2026/6/1 上午 11:04:26","C:\Users\YFLin\OneDrive - 中原大學\中原林穎凡資料夾\2. 研究計畫\2026研討會\JpGU\照片\LINE_ALBUM_JpGU poster(2026525)_260601_42.jpg"
"J072","JpGU 2026","conference/travel-review","LINE_ALBUM_JpGU poster(2026525)_260601_43.jpg","0.16","2026/6/1 上午 11:04:27","C:\Users\YFLin\OneDrive - 中原大學\中原林穎凡資料夾\2. 研究計畫\2026研討會\JpGU\照片\LINE_ALBUM_JpGU poster(2026525)_260601_43.jpg"
"J073","JpGU 2026","conference/travel-review","LINE_ALBUM_JpGU poster(2026525)_260601_44.jpg","0.15","2026/6/1 上午 11:04:30","C:\Users\YFLin\OneDrive - 中原大學\中原林穎凡資料夾\2. 研究計畫\2026研討會\JpGU\照片\LINE_ALBUM_JpGU poster(2026525)_260601_44.jpg"
"J074","JpGU 2026","conference/travel-review","LINE_ALBUM_JpGU poster(2026525)_260601_45.jpg","0.18","2026/6/1 上午 11:04:32","C:\Users\YFLin\OneDrive - 中原大學\中原林穎凡資料夾\2. 研究計畫\2026研討會\JpGU\照片\LINE_ALBUM_JpGU poster(2026525)_260601_45.jpg"
"J075","JpGU 2026","conference/travel-review","LINE_ALBUM_JpGU poster(2026525)_260601_46.jpg","0.21","2026/6/1 上午 11:04:34","C:\Users\YFLin\OneDrive - 中原大學\中原林穎凡資料夾\2. 研究計畫\2026研討會\JpGU\照片\LINE_ALBUM_JpGU poster(2026525)_260601_46.jpg"
"J076","JpGU 2026","conference/travel-review","LINE_ALBUM_JpGU poster(2026525)_260601_47.jpg","0.14","2026/6/1 上午 11:04:35","C:\Users\YFLin\OneDrive - 中原大學\中原林穎凡資料夾\2. 研究計畫\2026研討會\JpGU\照片\LINE_ALBUM_JpGU poster(2026525)_260601_47.jpg"
"J077","JpGU 2026","conference/travel-review","LINE_ALBUM_JpGU poster(2026525)_260601_48.jpg","0.16","2026/6/1 上午 11:04:36","C:\Users\YFLin\OneDrive - 中原大學\中原林穎凡資料夾\2. 研究計畫\2026研討會\JpGU\照片\LINE_ALBUM_JpGU poster(2026525)_260601_48.jpg"
"J078","JpGU 2026","conference/travel-review","LINE_ALBUM_JpGU poster(2026525)_260601_49.jpg","0.14","2026/6/1 上午 11:04:37","C:\Users\YFLin\OneDrive - 中原大學\中原林穎凡資料夾\2. 研究計畫\2026研討會\JpGU\照片\LINE_ALBUM_JpGU poster(2026525)_260601_49.jpg"
"J079","JpGU 2026","conference/travel-review","LINE_ALBUM_JpGU poster(2026525)_260601_5.jpg","0.3","2026/6/1 上午 11:03:05","C:\Users\YFLin\OneDrive - 中原大學\中原林穎凡資料夾\2. 研究計畫\2026研討會\JpGU\照片\LINE_ALBUM_JpGU poster(2026525)_260601_5.jpg"
"J080","JpGU 2026","conference/travel-review","LINE_ALBUM_JpGU poster(2026525)_260601_50.jpg","0.16","2026/6/1 上午 11:04:38","C:\Users\YFLin\OneDrive - 中原大學\中原林穎凡資料夾\2. 研究計畫\2026研討會\JpGU\照片\LINE_ALBUM_JpGU poster(2026525)_260601_50.jpg"
"J081","JpGU 2026","conference/travel-review","LINE_ALBUM_JpGU poster(2026525)_260601_51.jpg","0.2","2026/6/1 上午 11:04:40","C:\Users\YFLin\OneDrive - 中原大學\中原林穎凡資料夾\2. 研究計畫\2026研討會\JpGU\照片\LINE_ALBUM_JpGU poster(2026525)_260601_51.jpg"
"J082","JpGU 2026","conference/travel-review","LINE_ALBUM_JpGU poster(2026525)_260601_52.jpg","0.17","2026/6/1 上午 11:04:41","C:\Users\YFLin\OneDrive - 中原大學\中原林穎凡資料夾\2. 研究計畫\2026研討會\JpGU\照片\LINE_ALBUM_JpGU poster(2026525)_260601_52.jpg"
"J083","JpGU 2026","conference/travel-review","LINE_ALBUM_JpGU poster(2026525)_260601_53.jpg","0.18","2026/6/1 上午 11:04:43","C:\Users\YFLin\OneDrive - 中原大學\中原林穎凡資料夾\2. 研究計畫\2026研討會\JpGU\照片\LINE_ALBUM_JpGU poster(2026525)_260601_53.jpg"
"J084","JpGU 2026","conference/travel-review","LINE_ALBUM_JpGU poster(2026525)_260601_54.jpg","0.2","2026/6/1 上午 11:04:45","C:\Users\YFLin\OneDrive - 中原大學\中原林穎凡資料夾\2. 研究計畫\2026研討會\JpGU\照片\LINE_ALBUM_JpGU poster(2026525)_260601_54.jpg"
"J085","JpGU 2026","conference/travel-review","LINE_ALBUM_JpGU poster(2026525)_260601_55.jpg","0.14","2026/6/1 上午 11:04:46","C:\Users\YFLin\OneDrive - 中原大學\中原林穎凡資料夾\2. 研究計畫\2026研討會\JpGU\照片\LINE_ALBUM_JpGU poster(2026525)_260601_55.jpg"
"J086","JpGU 2026","conference/travel-review","LINE_ALBUM_JpGU poster(2026525)_260601_56.jpg","0.17","2026/6/1 上午 11:04:48","C:\Users\YFLin\OneDrive - 中原大學\中原林穎凡資料夾\2. 研究計畫\2026研討會\JpGU\照片\LINE_ALBUM_JpGU poster(2026525)_260601_56.jpg"
"J087","JpGU 2026","conference/travel-review","LINE_ALBUM_JpGU poster(2026525)_260601_6.jpg","0.38","2026/6/1 上午 11:03:08","C:\Users\YFLin\OneDrive - 中原大學\中原林穎凡資料夾\2. 研究計畫\2026研討會\JpGU\照片\LINE_ALBUM_JpGU poster(2026525)_260601_6.jpg"
"J088","JpGU 2026","conference/travel-review","LINE_ALBUM_JpGU poster(2026525)_260601_7.jpg","0.4","2026/6/1 上午 11:03:13","C:\Users\YFLin\OneDrive - 中原大學\中原林穎凡資料夾\2. 研究計畫\2026研討會\JpGU\照片\LINE_ALBUM_JpGU poster(2026525)_260601_7.jpg"
"J089","JpGU 2026","conference/travel-review","LINE_ALBUM_JpGU poster(2026525)_260601_8.jpg","0.37","2026/6/1 上午 11:03:15","C:\Users\YFLin\OneDrive - 中原大學\中原林穎凡資料夾\2. 研究計畫\2026研討會\JpGU\照片\LINE_ALBUM_JpGU poster(2026525)_260601_8.jpg"
"J090","JpGU 2026","conference/travel-review","LINE_ALBUM_JpGU poster(2026525)_260601_9.jpg","0.43","2026/6/1 上午 11:03:18","C:\Users\YFLin\OneDrive - 中原大學\中原林穎凡資料夾\2. 研究計畫\2026研討會\JpGU\照片\LINE_ALBUM_JpGU poster(2026525)_260601_9.jpg"
"J091","JpGU 2026","conference/travel-review","LINE_ALBUM_JpGU poster(2026525)_260608_1.jpg","0.3","2026/6/8 上午 06:59:05","C:\Users\YFLin\OneDrive - 中原大學\中原林穎凡資料夾\2. 研究計畫\2026研討會\JpGU\照片\LINE_ALBUM_JpGU poster(2026525)_260608_1.jpg"
"J092","JpGU 2026","conference/travel-review","LINE_ALBUM_JpGU poster(2026525)_260608_10.jpg","0.45","2026/6/8 上午 06:59:12","C:\Users\YFLin\OneDrive - 中原大學\中原林穎凡資料夾\2. 研究計畫\2026研討會\JpGU\照片\LINE_ALBUM_JpGU poster(2026525)_260608_10.jpg"
"J093","JpGU 2026","conference/travel-review","LINE_ALBUM_JpGU poster(2026525)_260608_100.jpg","0.15","2026/6/8 上午 07:01:23","C:\Users\YFLin\OneDrive - 中原大學\中原林穎凡資料夾\2. 研究計畫\2026研討會\JpGU\照片\LINE_ALBUM_JpGU poster(2026525)_260608_100.jpg"
"J094","JpGU 2026","conference/travel-review","LINE_ALBUM_JpGU poster(2026525)_260608_101.jpg","0.18","2026/6/8 上午 07:01:24","C:\Users\YFLin\OneDrive - 中原大學\中原林穎凡資料夾\2. 研究計畫\2026研討會\JpGU\照片\LINE_ALBUM_JpGU poster(2026525)_260608_101.jpg"
"J095","JpGU 2026","conference/travel-review","LINE_ALBUM_JpGU poster(2026525)_260608_102.jpg","0.21","2026/6/8 上午 07:01:24","C:\Users\YFLin\OneDrive - 中原大學\中原林穎凡資料夾\2. 研究計畫\2026研討會\JpGU\照片\LINE_ALBUM_JpGU poster(2026525)_260608_102.jpg"
"J096","JpGU 2026","conference/travel-review","LINE_ALBUM_JpGU poster(2026525)_260608_103.jpg","0.14","2026/6/8 上午 07:01:24","C:\Users\YFLin\OneDrive - 中原大學\中原林穎凡資料夾\2. 研究計畫\2026研討會\JpGU\照片\LINE_ALBUM_JpGU poster(2026525)_260608_103.jpg"
"J097","JpGU 2026","conference/travel-review","LINE_ALBUM_JpGU poster(2026525)_260608_104.jpg","0.16","2026/6/8 上午 07:01:24","C:\Users\YFLin\OneDrive - 中原大學\中原林穎凡資料夾\2. 研究計畫\2026研討會\JpGU\照片\LINE_ALBUM_JpGU poster(2026525)_260608_104.jpg"
"J098","JpGU 2026","conference/travel-review","LINE_ALBUM_JpGU poster(2026525)_260608_105.jpg","0.14","2026/6/8 上午 07:01:25","C:\Users\YFLin\OneDrive - 中原大學\中原林穎凡資料夾\2. 研究計畫\2026研討會\JpGU\照片\LINE_ALBUM_JpGU poster(2026525)_260608_105.jpg"
"J099","JpGU 2026","conference/travel-review","LINE_ALBUM_JpGU poster(2026525)_260608_106.jpg","0.16","2026/6/8 上午 07:01:25","C:\Users\YFLin\OneDrive - 中原大學\中原林穎凡資料夾\2. 研究計畫\2026研討會\JpGU\照片\LINE_ALBUM_JpGU poster(2026525)_260608_106.jpg"
"J100","JpGU 2026","conference/travel-review","LINE_ALBUM_JpGU poster(2026525)_260608_107.jpg","0.2","2026/6/8 上午 07:01:25","C:\Users\YFLin\OneDrive - 中原大學\中原林穎凡資料夾\2. 研究計畫\2026研討會\JpGU\照片\LINE_ALBUM_JpGU poster(2026525)_260608_107.jpg"
"J101","JpGU 2026","conference/travel-review","LINE_ALBUM_JpGU poster(2026525)_260608_108.jpg","0.17","2026/6/8 上午 07:01:26","C:\Users\YFLin\OneDrive - 中原大學\中原林穎凡資料夾\2. 研究計畫\2026研討會\JpGU\照片\LINE_ALBUM_JpGU poster(2026525)_260608_108.jpg"
"J102","JpGU 2026","conference/travel-review","LINE_ALBUM_JpGU poster(2026525)_260608_109.jpg","0.18","2026/6/8 上午 07:01:26","C:\Users\YFLin\OneDrive - 中原大學\中原林穎凡資料夾\2. 研究計畫\2026研討會\JpGU\照片\LINE_ALBUM_JpGU poster(2026525)_260608_109.jpg"
"J103","JpGU 2026","conference/travel-review","LINE_ALBUM_JpGU poster(2026525)_260608_11.jpg","0.47","2026/6/8 上午 06:59:13","C:\Users\YFLin\OneDrive - 中原大學\中原林穎凡資料夾\2. 研究計畫\2026研討會\JpGU\照片\LINE_ALBUM_JpGU poster(2026525)_260608_11.jpg"
"J104","JpGU 2026","conference/travel-review","LINE_ALBUM_JpGU poster(2026525)_260608_110.jpg","0.2","2026/6/8 上午 07:01:26","C:\Users\YFLin\OneDrive - 中原大學\中原林穎凡資料夾\2. 研究計畫\2026研討會\JpGU\照片\LINE_ALBUM_JpGU poster(2026525)_260608_110.jpg"
"J105","JpGU 2026","conference/travel-review","LINE_ALBUM_JpGU poster(2026525)_260608_111.jpg","0.14","2026/6/8 上午 07:01:27","C:\Users\YFLin\OneDrive - 中原大學\中原林穎凡資料夾\2. 研究計畫\2026研討會\JpGU\照片\LINE_ALBUM_JpGU poster(2026525)_260608_111.jpg"
"J106","JpGU 2026","conference/travel-review","LINE_ALBUM_JpGU poster(2026525)_260608_112.jpg","0.17","2026/6/8 上午 07:01:27","C:\Users\YFLin\OneDrive - 中原大學\中原林穎凡資料夾\2. 研究計畫\2026研討會\JpGU\照片\LINE_ALBUM_JpGU poster(2026525)_260608_112.jpg"
"J107","JpGU 2026","conference/travel-review","LINE_ALBUM_JpGU poster(2026525)_260608_12.jpg","0.28","2026/6/8 上午 06:59:13","C:\Users\YFLin\OneDrive - 中原大學\中原林穎凡資料夾\2. 研究計畫\2026研討會\JpGU\照片\LINE_ALBUM_JpGU poster(2026525)_260608_12.jpg"
"J108","JpGU 2026","conference/travel-review","LINE_ALBUM_JpGU poster(2026525)_260608_13.jpg","0.2","2026/6/8 上午 06:59:14","C:\Users\YFLin\OneDrive - 中原大學\中原林穎凡資料夾\2. 研究計畫\2026研討會\JpGU\照片\LINE_ALBUM_JpGU poster(2026525)_260608_13.jpg"
"J109","JpGU 2026","conference/travel-review","LINE_ALBUM_JpGU poster(2026525)_260608_14.jpg","0.2","2026/6/8 上午 06:59:15","C:\Users\YFLin\OneDrive - 中原大學\中原林穎凡資料夾\2. 研究計畫\2026研討會\JpGU\照片\LINE_ALBUM_JpGU poster(2026525)_260608_14.jpg"
"J110","JpGU 2026","conference/travel-review","LINE_ALBUM_JpGU poster(2026525)_260608_15.jpg","0.2","2026/6/8 上午 06:59:15","C:\Users\YFLin\OneDrive - 中原大學\中原林穎凡資料夾\2. 研究計畫\2026研討會\JpGU\照片\LINE_ALBUM_JpGU poster(2026525)_260608_15.jpg"
"J111","JpGU 2026","conference/travel-review","LINE_ALBUM_JpGU poster(2026525)_260608_16.jpg","0.18","2026/6/8 上午 06:59:16","C:\Users\YFLin\OneDrive - 中原大學\中原林穎凡資料夾\2. 研究計畫\2026研討會\JpGU\照片\LINE_ALBUM_JpGU poster(2026525)_260608_16.jpg"
"J112","JpGU 2026","conference/travel-review","LINE_ALBUM_JpGU poster(2026525)_260608_17.jpg","0.17","2026/6/8 上午 06:59:16","C:\Users\YFLin\OneDrive - 中原大學\中原林穎凡資料夾\2. 研究計畫\2026研討會\JpGU\照片\LINE_ALBUM_JpGU poster(2026525)_260608_17.jpg"
"J113","JpGU 2026","conference/travel-review","LINE_ALBUM_JpGU poster(2026525)_260608_18.jpg","0.21","2026/6/8 上午 06:59:17","C:\Users\YFLin\OneDrive - 中原大學\中原林穎凡資料夾\2. 研究計畫\2026研討會\JpGU\照片\LINE_ALBUM_JpGU poster(2026525)_260608_18.jpg"
"J114","JpGU 2026","conference/travel-review","LINE_ALBUM_JpGU poster(2026525)_260608_19.jpg","0.2","2026/6/8 上午 06:59:17","C:\Users\YFLin\OneDrive - 中原大學\中原林穎凡資料夾\2. 研究計畫\2026研討會\JpGU\照片\LINE_ALBUM_JpGU poster(2026525)_260608_19.jpg"
"J115","JpGU 2026","conference/travel-review","LINE_ALBUM_JpGU poster(2026525)_260608_2.jpg","0.48","2026/6/8 上午 06:59:05","C:\Users\YFLin\OneDrive - 中原大學\中原林穎凡資料夾\2. 研究計畫\2026研討會\JpGU\照片\LINE_ALBUM_JpGU poster(2026525)_260608_2.jpg"
"J116","JpGU 2026","conference/travel-review","LINE_ALBUM_JpGU poster(2026525)_260608_20.jpg","0.18","2026/6/8 上午 06:59:18","C:\Users\YFLin\OneDrive - 中原大學\中原林穎凡資料夾\2. 研究計畫\2026研討會\JpGU\照片\LINE_ALBUM_JpGU poster(2026525)_260608_20.jpg"
"J117","JpGU 2026","conference/travel-review","LINE_ALBUM_JpGU poster(2026525)_260608_21.jpg","0.18","2026/6/8 上午 06:59:18","C:\Users\YFLin\OneDrive - 中原大學\中原林穎凡資料夾\2. 研究計畫\2026研討會\JpGU\照片\LINE_ALBUM_JpGU poster(2026525)_260608_21.jpg"
"J118","JpGU 2026","conference/travel-review","LINE_ALBUM_JpGU poster(2026525)_260608_22.jpg","0.19","2026/6/8 上午 06:59:19","C:\Users\YFLin\OneDrive - 中原大學\中原林穎凡資料夾\2. 研究計畫\2026研討會\JpGU\照片\LINE_ALBUM_JpGU poster(2026525)_260608_22.jpg"
"J119","JpGU 2026","conference/travel-review","LINE_ALBUM_JpGU poster(2026525)_260608_23.jpg","0.17","2026/6/8 上午 06:59:19","C:\Users\YFLin\OneDrive - 中原大學\中原林穎凡資料夾\2. 研究計畫\2026研討會\JpGU\照片\LINE_ALBUM_JpGU poster(2026525)_260608_23.jpg"
"J120","JpGU 2026","conference/travel-review","LINE_ALBUM_JpGU poster(2026525)_260608_24.jpg","0.19","2026/6/8 上午 06:59:20","C:\Users\YFLin\OneDrive - 中原大學\中原林穎凡資料夾\2. 研究計畫\2026研討會\JpGU\照片\LINE_ALBUM_JpGU poster(2026525)_260608_24.jpg"
"J121","JpGU 2026","conference/travel-review","LINE_ALBUM_JpGU poster(2026525)_260608_25.jpg","0.17","2026/6/8 上午 06:59:20","C:\Users\YFLin\OneDrive - 中原大學\中原林穎凡資料夾\2. 研究計畫\2026研討會\JpGU\照片\LINE_ALBUM_JpGU poster(2026525)_260608_25.jpg"
"J122","JpGU 2026","conference/travel-review","LINE_ALBUM_JpGU poster(2026525)_260608_26.jpg","0.17","2026/6/8 上午 06:59:21","C:\Users\YFLin\OneDrive - 中原大學\中原林穎凡資料夾\2. 研究計畫\2026研討會\JpGU\照片\LINE_ALBUM_JpGU poster(2026525)_260608_26.jpg"
"J123","JpGU 2026","conference/travel-review","LINE_ALBUM_JpGU poster(2026525)_260608_27.jpg","0.18","2026/6/8 上午 06:59:21","C:\Users\YFLin\OneDrive - 中原大學\中原林穎凡資料夾\2. 研究計畫\2026研討會\JpGU\照片\LINE_ALBUM_JpGU poster(2026525)_260608_27.jpg"
"J124","JpGU 2026","conference/travel-review","LINE_ALBUM_JpGU poster(2026525)_260608_28.jpg","0.21","2026/6/8 上午 06:59:22","C:\Users\YFLin\OneDrive - 中原大學\中原林穎凡資料夾\2. 研究計畫\2026研討會\JpGU\照片\LINE_ALBUM_JpGU poster(2026525)_260608_28.jpg"
"J125","JpGU 2026","conference/travel-review","LINE_ALBUM_JpGU poster(2026525)_260608_29.jpg","0.48","2026/6/8 上午 06:59:23","C:\Users\YFLin\OneDrive - 中原大學\中原林穎凡資料夾\2. 研究計畫\2026研討會\JpGU\照片\LINE_ALBUM_JpGU poster(2026525)_260608_29.jpg"
"J126","JpGU 2026","conference/travel-review","LINE_ALBUM_JpGU poster(2026525)_260608_3.jpg","0.43","2026/6/8 上午 06:59:06","C:\Users\YFLin\OneDrive - 中原大學\中原林穎凡資料夾\2. 研究計畫\2026研討會\JpGU\照片\LINE_ALBUM_JpGU poster(2026525)_260608_3.jpg"
"J127","JpGU 2026","conference/travel-review","LINE_ALBUM_JpGU poster(2026525)_260608_30.jpg","0.42","2026/6/8 上午 06:59:23","C:\Users\YFLin\OneDrive - 中原大學\中原林穎凡資料夾\2. 研究計畫\2026研討會\JpGU\照片\LINE_ALBUM_JpGU poster(2026525)_260608_30.jpg"
"J128","JpGU 2026","conference/travel-review","LINE_ALBUM_JpGU poster(2026525)_260608_31.jpg","0.38","2026/6/8 上午 06:59:24","C:\Users\YFLin\OneDrive - 中原大學\中原林穎凡資料夾\2. 研究計畫\2026研討會\JpGU\照片\LINE_ALBUM_JpGU poster(2026525)_260608_31.jpg"
"J129","JpGU 2026","conference/travel-review","LINE_ALBUM_JpGU poster(2026525)_260608_32.jpg","0.37","2026/6/8 上午 06:59:25","C:\Users\YFLin\OneDrive - 中原大學\中原林穎凡資料夾\2. 研究計畫\2026研討會\JpGU\照片\LINE_ALBUM_JpGU poster(2026525)_260608_32.jpg"
"J130","JpGU 2026","conference/travel-review","LINE_ALBUM_JpGU poster(2026525)_260608_33.jpg","0.45","2026/6/8 上午 06:59:26","C:\Users\YFLin\OneDrive - 中原大學\中原林穎凡資料夾\2. 研究計畫\2026研討會\JpGU\照片\LINE_ALBUM_JpGU poster(2026525)_260608_33.jpg"
"J131","JpGU 2026","conference/travel-review","LINE_ALBUM_JpGU poster(2026525)_260608_34.jpg","0.28","2026/6/8 上午 06:59:27","C:\Users\YFLin\OneDrive - 中原大學\中原林穎凡資料夾\2. 研究計畫\2026研討會\JpGU\照片\LINE_ALBUM_JpGU poster(2026525)_260608_34.jpg"
"J132","JpGU 2026","conference/travel-review","LINE_ALBUM_JpGU poster(2026525)_260608_35.jpg","0.2","2026/6/8 上午 06:59:27","C:\Users\YFLin\OneDrive - 中原大學\中原林穎凡資料夾\2. 研究計畫\2026研討會\JpGU\照片\LINE_ALBUM_JpGU poster(2026525)_260608_35.jpg"
"J133","JpGU 2026","conference/travel-review","LINE_ALBUM_JpGU poster(2026525)_260608_36.jpg","0.18","2026/6/8 上午 06:59:28","C:\Users\YFLin\OneDrive - 中原大學\中原林穎凡資料夾\2. 研究計畫\2026研討會\JpGU\照片\LINE_ALBUM_JpGU poster(2026525)_260608_36.jpg"
"J134","JpGU 2026","conference/travel-review","LINE_ALBUM_JpGU poster(2026525)_260608_37.jpg","0.21","2026/6/8 上午 06:59:28","C:\Users\YFLin\OneDrive - 中原大學\中原林穎凡資料夾\2. 研究計畫\2026研討會\JpGU\照片\LINE_ALBUM_JpGU poster(2026525)_260608_37.jpg"
"J135","JpGU 2026","conference/travel-review","LINE_ALBUM_JpGU poster(2026525)_260608_38.jpg","0.18","2026/6/8 上午 06:59:29","C:\Users\YFLin\OneDrive - 中原大學\中原林穎凡資料夾\2. 研究計畫\2026研討會\JpGU\照片\LINE_ALBUM_JpGU poster(2026525)_260608_38.jpg"
"J136","JpGU 2026","conference/travel-review","LINE_ALBUM_JpGU poster(2026525)_260608_39.jpg","0.19","2026/6/8 上午 06:59:29","C:\Users\YFLin\OneDrive - 中原大學\中原林穎凡資料夾\2. 研究計畫\2026研討會\JpGU\照片\LINE_ALBUM_JpGU poster(2026525)_260608_39.jpg"
"J137","JpGU 2026","conference/travel-review","LINE_ALBUM_JpGU poster(2026525)_260608_4.jpg","0.42","2026/6/8 上午 06:59:07","C:\Users\YFLin\OneDrive - 中原大學\中原林穎凡資料夾\2. 研究計畫\2026研討會\JpGU\照片\LINE_ALBUM_JpGU poster(2026525)_260608_4.jpg"
"J138","JpGU 2026","conference/travel-review","LINE_ALBUM_JpGU poster(2026525)_260608_40.jpg","0.19","2026/6/8 上午 06:59:30","C:\Users\YFLin\OneDrive - 中原大學\中原林穎凡資料夾\2. 研究計畫\2026研討會\JpGU\照片\LINE_ALBUM_JpGU poster(2026525)_260608_40.jpg"
"J139","JpGU 2026","conference/travel-review","LINE_ALBUM_JpGU poster(2026525)_260608_41.jpg","0.17","2026/6/8 上午 06:59:30","C:\Users\YFLin\OneDrive - 中原大學\中原林穎凡資料夾\2. 研究計畫\2026研討會\JpGU\照片\LINE_ALBUM_JpGU poster(2026525)_260608_41.jpg"
"J140","JpGU 2026","conference/travel-review","LINE_ALBUM_JpGU poster(2026525)_260608_42.jpg","0.21","2026/6/8 上午 06:59:31","C:\Users\YFLin\OneDrive - 中原大學\中原林穎凡資料夾\2. 研究計畫\2026研討會\JpGU\照片\LINE_ALBUM_JpGU poster(2026525)_260608_42.jpg"
"J141","JpGU 2026","conference/travel-review","LINE_ALBUM_JpGU poster(2026525)_260608_43.jpg","0.18","2026/6/8 上午 06:59:31","C:\Users\YFLin\OneDrive - 中原大學\中原林穎凡資料夾\2. 研究計畫\2026研討會\JpGU\照片\LINE_ALBUM_JpGU poster(2026525)_260608_43.jpg"
"J142","JpGU 2026","conference/travel-review","LINE_ALBUM_JpGU poster(2026525)_260608_44.jpg","0.22","2026/6/8 上午 06:59:32","C:\Users\YFLin\OneDrive - 中原大學\中原林穎凡資料夾\2. 研究計畫\2026研討會\JpGU\照片\LINE_ALBUM_JpGU poster(2026525)_260608_44.jpg"
"J143","JpGU 2026","conference/travel-review","LINE_ALBUM_JpGU poster(2026525)_260608_45.jpg","0.2","2026/6/8 上午 06:59:32","C:\Users\YFLin\OneDrive - 中原大學\中原林穎凡資料夾\2. 研究計畫\2026研討會\JpGU\照片\LINE_ALBUM_JpGU poster(2026525)_260608_45.jpg"
"J144","JpGU 2026","conference/travel-review","LINE_ALBUM_JpGU poster(2026525)_260608_46.jpg","0.2","2026/6/8 上午 06:59:33","C:\Users\YFLin\OneDrive - 中原大學\中原林穎凡資料夾\2. 研究計畫\2026研討會\JpGU\照片\LINE_ALBUM_JpGU poster(2026525)_260608_46.jpg"
"J145","JpGU 2026","conference/travel-review","LINE_ALBUM_JpGU poster(2026525)_260608_47.jpg","0.2","2026/6/8 上午 06:59:33","C:\Users\YFLin\OneDrive - 中原大學\中原林穎凡資料夾\2. 研究計畫\2026研討會\JpGU\照片\LINE_ALBUM_JpGU poster(2026525)_260608_47.jpg"
"J146","JpGU 2026","conference/travel-review","LINE_ALBUM_JpGU poster(2026525)_260608_48.jpg","0.17","2026/6/8 上午 06:59:34","C:\Users\YFLin\OneDrive - 中原大學\中原林穎凡資料夾\2. 研究計畫\2026研討會\JpGU\照片\LINE_ALBUM_JpGU poster(2026525)_260608_48.jpg"
"J147","JpGU 2026","conference/travel-review","LINE_ALBUM_JpGU poster(2026525)_260608_49.jpg","0.18","2026/6/8 上午 06:59:34","C:\Users\YFLin\OneDrive - 中原大學\中原林穎凡資料夾\2. 研究計畫\2026研討會\JpGU\照片\LINE_ALBUM_JpGU poster(2026525)_260608_49.jpg"
"J148","JpGU 2026","conference/travel-review","LINE_ALBUM_JpGU poster(2026525)_260608_5.jpg","0.3","2026/6/8 上午 06:59:08","C:\Users\YFLin\OneDrive - 中原大學\中原林穎凡資料夾\2. 研究計畫\2026研討會\JpGU\照片\LINE_ALBUM_JpGU poster(2026525)_260608_5.jpg"
"J149","JpGU 2026","conference/travel-review","LINE_ALBUM_JpGU poster(2026525)_260608_50.jpg","0.15","2026/6/8 上午 06:59:35","C:\Users\YFLin\OneDrive - 中原大學\中原林穎凡資料夾\2. 研究計畫\2026研討會\JpGU\照片\LINE_ALBUM_JpGU poster(2026525)_260608_50.jpg"
"J150","JpGU 2026","conference/travel-review","LINE_ALBUM_JpGU poster(2026525)_260608_51.jpg","0.21","2026/6/8 上午 06:59:35","C:\Users\YFLin\OneDrive - 中原大學\中原林穎凡資料夾\2. 研究計畫\2026研討會\JpGU\照片\LINE_ALBUM_JpGU poster(2026525)_260608_51.jpg"
"J151","JpGU 2026","conference/travel-review","LINE_ALBUM_JpGU poster(2026525)_260608_52.jpg","0.16","2026/6/8 上午 06:59:36","C:\Users\YFLin\OneDrive - 中原大學\中原林穎凡資料夾\2. 研究計畫\2026研討會\JpGU\照片\LINE_ALBUM_JpGU poster(2026525)_260608_52.jpg"
"J152","JpGU 2026","conference/travel-review","LINE_ALBUM_JpGU poster(2026525)_260608_53.jpg","0.16","2026/6/8 上午 06:59:36","C:\Users\YFLin\OneDrive - 中原大學\中原林穎凡資料夾\2. 研究計畫\2026研討會\JpGU\照片\LINE_ALBUM_JpGU poster(2026525)_260608_53.jpg"
"J153","JpGU 2026","conference/travel-review","LINE_ALBUM_JpGU poster(2026525)_260608_54.jpg","0.17","2026/6/8 上午 06:59:37","C:\Users\YFLin\OneDrive - 中原大學\中原林穎凡資料夾\2. 研究計畫\2026研討會\JpGU\照片\LINE_ALBUM_JpGU poster(2026525)_260608_54.jpg"
"J154","JpGU 2026","conference/travel-review","LINE_ALBUM_JpGU poster(2026525)_260608_55.jpg","0.2","2026/6/8 上午 06:59:37","C:\Users\YFLin\OneDrive - 中原大學\中原林穎凡資料夾\2. 研究計畫\2026研討會\JpGU\照片\LINE_ALBUM_JpGU poster(2026525)_260608_55.jpg"
"J155","JpGU 2026","conference/travel-review","LINE_ALBUM_JpGU poster(2026525)_260608_56.jpg","0.17","2026/6/8 上午 06:59:38","C:\Users\YFLin\OneDrive - 中原大學\中原林穎凡資料夾\2. 研究計畫\2026研討會\JpGU\照片\LINE_ALBUM_JpGU poster(2026525)_260608_56.jpg"
"J156","JpGU 2026","conference/travel-review","LINE_ALBUM_JpGU poster(2026525)_260608_57.jpg","0.3","2026/6/8 上午 07:01:10","C:\Users\YFLin\OneDrive - 中原大學\中原林穎凡資料夾\2. 研究計畫\2026研討會\JpGU\照片\LINE_ALBUM_JpGU poster(2026525)_260608_57.jpg"
"J157","JpGU 2026","conference/travel-review","LINE_ALBUM_JpGU poster(2026525)_260608_58.jpg","0.48","2026/6/8 上午 07:01:10","C:\Users\YFLin\OneDrive - 中原大學\中原林穎凡資料夾\2. 研究計畫\2026研討會\JpGU\照片\LINE_ALBUM_JpGU poster(2026525)_260608_58.jpg"
"J158","JpGU 2026","conference/travel-review","LINE_ALBUM_JpGU poster(2026525)_260608_59.jpg","0.43","2026/6/8 上午 07:01:11","C:\Users\YFLin\OneDrive - 中原大學\中原林穎凡資料夾\2. 研究計畫\2026研討會\JpGU\照片\LINE_ALBUM_JpGU poster(2026525)_260608_59.jpg"
"J159","JpGU 2026","conference/travel-review","LINE_ALBUM_JpGU poster(2026525)_260608_6.jpg","0.38","2026/6/8 上午 06:59:09","C:\Users\YFLin\OneDrive - 中原大學\中原林穎凡資料夾\2. 研究計畫\2026研討會\JpGU\照片\LINE_ALBUM_JpGU poster(2026525)_260608_6.jpg"
"J160","JpGU 2026","conference/travel-review","LINE_ALBUM_JpGU poster(2026525)_260608_60.jpg","0.42","2026/6/8 上午 07:01:11","C:\Users\YFLin\OneDrive - 中原大學\中原林穎凡資料夾\2. 研究計畫\2026研討會\JpGU\照片\LINE_ALBUM_JpGU poster(2026525)_260608_60.jpg"
"J161","JpGU 2026","conference/travel-review","LINE_ALBUM_JpGU poster(2026525)_260608_61.jpg","0.3","2026/6/8 上午 07:01:11","C:\Users\YFLin\OneDrive - 中原大學\中原林穎凡資料夾\2. 研究計畫\2026研討會\JpGU\照片\LINE_ALBUM_JpGU poster(2026525)_260608_61.jpg"
"J162","JpGU 2026","conference/travel-review","LINE_ALBUM_JpGU poster(2026525)_260608_62.jpg","0.38","2026/6/8 上午 07:01:12","C:\Users\YFLin\OneDrive - 中原大學\中原林穎凡資料夾\2. 研究計畫\2026研討會\JpGU\照片\LINE_ALBUM_JpGU poster(2026525)_260608_62.jpg"
"J163","JpGU 2026","conference/travel-review","LINE_ALBUM_JpGU poster(2026525)_260608_63.jpg","0.4","2026/6/8 上午 07:01:12","C:\Users\YFLin\OneDrive - 中原大學\中原林穎凡資料夾\2. 研究計畫\2026研討會\JpGU\照片\LINE_ALBUM_JpGU poster(2026525)_260608_63.jpg"
"J164","JpGU 2026","conference/travel-review","LINE_ALBUM_JpGU poster(2026525)_260608_64.jpg","0.37","2026/6/8 上午 07:01:12","C:\Users\YFLin\OneDrive - 中原大學\中原林穎凡資料夾\2. 研究計畫\2026研討會\JpGU\照片\LINE_ALBUM_JpGU poster(2026525)_260608_64.jpg"
"J165","JpGU 2026","conference/travel-review","LINE_ALBUM_JpGU poster(2026525)_260608_65.jpg","0.43","2026/6/8 上午 07:01:13","C:\Users\YFLin\OneDrive - 中原大學\中原林穎凡資料夾\2. 研究計畫\2026研討會\JpGU\照片\LINE_ALBUM_JpGU poster(2026525)_260608_65.jpg"
"J166","JpGU 2026","conference/travel-review","LINE_ALBUM_JpGU poster(2026525)_260608_66.jpg","0.45","2026/6/8 上午 07:01:13","C:\Users\YFLin\OneDrive - 中原大學\中原林穎凡資料夾\2. 研究計畫\2026研討會\JpGU\照片\LINE_ALBUM_JpGU poster(2026525)_260608_66.jpg"
"J167","JpGU 2026","conference/travel-review","LINE_ALBUM_JpGU poster(2026525)_260608_67.jpg","0.47","2026/6/8 上午 07:01:13","C:\Users\YFLin\OneDrive - 中原大學\中原林穎凡資料夾\2. 研究計畫\2026研討會\JpGU\照片\LINE_ALBUM_JpGU poster(2026525)_260608_67.jpg"
"J168","JpGU 2026","conference/travel-review","LINE_ALBUM_JpGU poster(2026525)_260608_68.jpg","0.28","2026/6/8 上午 07:01:14","C:\Users\YFLin\OneDrive - 中原大學\中原林穎凡資料夾\2. 研究計畫\2026研討會\JpGU\照片\LINE_ALBUM_JpGU poster(2026525)_260608_68.jpg"
"J169","JpGU 2026","conference/travel-review","LINE_ALBUM_JpGU poster(2026525)_260608_69.jpg","0.2","2026/6/8 上午 07:01:14","C:\Users\YFLin\OneDrive - 中原大學\中原林穎凡資料夾\2. 研究計畫\2026研討會\JpGU\照片\LINE_ALBUM_JpGU poster(2026525)_260608_69.jpg"
"J170","JpGU 2026","conference/travel-review","LINE_ALBUM_JpGU poster(2026525)_260608_7.jpg","0.4","2026/6/8 上午 06:59:10","C:\Users\YFLin\OneDrive - 中原大學\中原林穎凡資料夾\2. 研究計畫\2026研討會\JpGU\照片\LINE_ALBUM_JpGU poster(2026525)_260608_7.jpg"
"J171","JpGU 2026","conference/travel-review","LINE_ALBUM_JpGU poster(2026525)_260608_70.jpg","0.2","2026/6/8 上午 07:01:14","C:\Users\YFLin\OneDrive - 中原大學\中原林穎凡資料夾\2. 研究計畫\2026研討會\JpGU\照片\LINE_ALBUM_JpGU poster(2026525)_260608_70.jpg"
"J172","JpGU 2026","conference/travel-review","LINE_ALBUM_JpGU poster(2026525)_260608_71.jpg","0.2","2026/6/8 上午 07:01:15","C:\Users\YFLin\OneDrive - 中原大學\中原林穎凡資料夾\2. 研究計畫\2026研討會\JpGU\照片\LINE_ALBUM_JpGU poster(2026525)_260608_71.jpg"
"J173","JpGU 2026","conference/travel-review","LINE_ALBUM_JpGU poster(2026525)_260608_72.jpg","0.18","2026/6/8 上午 07:01:15","C:\Users\YFLin\OneDrive - 中原大學\中原林穎凡資料夾\2. 研究計畫\2026研討會\JpGU\照片\LINE_ALBUM_JpGU poster(2026525)_260608_72.jpg"
"J174","JpGU 2026","conference/travel-review","LINE_ALBUM_JpGU poster(2026525)_260608_73.jpg","0.17","2026/6/8 上午 07:01:15","C:\Users\YFLin\OneDrive - 中原大學\中原林穎凡資料夾\2. 研究計畫\2026研討會\JpGU\照片\LINE_ALBUM_JpGU poster(2026525)_260608_73.jpg"
"J175","JpGU 2026","conference/travel-review","LINE_ALBUM_JpGU poster(2026525)_260608_74.jpg","0.21","2026/6/8 上午 07:01:16","C:\Users\YFLin\OneDrive - 中原大學\中原林穎凡資料夾\2. 研究計畫\2026研討會\JpGU\照片\LINE_ALBUM_JpGU poster(2026525)_260608_74.jpg"
"J176","JpGU 2026","conference/travel-review","LINE_ALBUM_JpGU poster(2026525)_260608_75.jpg","0.2","2026/6/8 上午 07:01:16","C:\Users\YFLin\OneDrive - 中原大學\中原林穎凡資料夾\2. 研究計畫\2026研討會\JpGU\照片\LINE_ALBUM_JpGU poster(2026525)_260608_75.jpg"
"J177","JpGU 2026","conference/travel-review","LINE_ALBUM_JpGU poster(2026525)_260608_76.jpg","0.18","2026/6/8 上午 07:01:16","C:\Users\YFLin\OneDrive - 中原大學\中原林穎凡資料夾\2. 研究計畫\2026研討會\JpGU\照片\LINE_ALBUM_JpGU poster(2026525)_260608_76.jpg"
"J178","JpGU 2026","conference/travel-review","LINE_ALBUM_JpGU poster(2026525)_260608_77.jpg","0.18","2026/6/8 上午 07:01:16","C:\Users\YFLin\OneDrive - 中原大學\中原林穎凡資料夾\2. 研究計畫\2026研討會\JpGU\照片\LINE_ALBUM_JpGU poster(2026525)_260608_77.jpg"
"J179","JpGU 2026","conference/travel-review","LINE_ALBUM_JpGU poster(2026525)_260608_78.jpg","0.19","2026/6/8 上午 07:01:17","C:\Users\YFLin\OneDrive - 中原大學\中原林穎凡資料夾\2. 研究計畫\2026研討會\JpGU\照片\LINE_ALBUM_JpGU poster(2026525)_260608_78.jpg"
"J180","JpGU 2026","conference/travel-review","LINE_ALBUM_JpGU poster(2026525)_260608_79.jpg","0.17","2026/6/8 上午 07:01:17","C:\Users\YFLin\OneDrive - 中原大學\中原林穎凡資料夾\2. 研究計畫\2026研討會\JpGU\照片\LINE_ALBUM_JpGU poster(2026525)_260608_79.jpg"
"J181","JpGU 2026","conference/travel-review","LINE_ALBUM_JpGU poster(2026525)_260608_8.jpg","0.37","2026/6/8 上午 06:59:10","C:\Users\YFLin\OneDrive - 中原大學\中原林穎凡資料夾\2. 研究計畫\2026研討會\JpGU\照片\LINE_ALBUM_JpGU poster(2026525)_260608_8.jpg"
"J182","JpGU 2026","conference/travel-review","LINE_ALBUM_JpGU poster(2026525)_260608_80.jpg","0.19","2026/6/8 上午 07:01:17","C:\Users\YFLin\OneDrive - 中原大學\中原林穎凡資料夾\2. 研究計畫\2026研討會\JpGU\照片\LINE_ALBUM_JpGU poster(2026525)_260608_80.jpg"
"J183","JpGU 2026","conference/travel-review","LINE_ALBUM_JpGU poster(2026525)_260608_81.jpg","0.17","2026/6/8 上午 07:01:18","C:\Users\YFLin\OneDrive - 中原大學\中原林穎凡資料夾\2. 研究計畫\2026研討會\JpGU\照片\LINE_ALBUM_JpGU poster(2026525)_260608_81.jpg"
"J184","JpGU 2026","conference/travel-review","LINE_ALBUM_JpGU poster(2026525)_260608_82.jpg","0.17","2026/6/8 上午 07:01:18","C:\Users\YFLin\OneDrive - 中原大學\中原林穎凡資料夾\2. 研究計畫\2026研討會\JpGU\照片\LINE_ALBUM_JpGU poster(2026525)_260608_82.jpg"
"J185","JpGU 2026","conference/travel-review","LINE_ALBUM_JpGU poster(2026525)_260608_83.jpg","0.18","2026/6/8 上午 07:01:18","C:\Users\YFLin\OneDrive - 中原大學\中原林穎凡資料夾\2. 研究計畫\2026研討會\JpGU\照片\LINE_ALBUM_JpGU poster(2026525)_260608_83.jpg"
"J186","JpGU 2026","conference/travel-review","LINE_ALBUM_JpGU poster(2026525)_260608_84.jpg","0.21","2026/6/8 上午 07:01:18","C:\Users\YFLin\OneDrive - 中原大學\中原林穎凡資料夾\2. 研究計畫\2026研討會\JpGU\照片\LINE_ALBUM_JpGU poster(2026525)_260608_84.jpg"
"J187","JpGU 2026","conference/travel-review","LINE_ALBUM_JpGU poster(2026525)_260608_85.jpg","0.18","2026/6/8 上午 07:01:19","C:\Users\YFLin\OneDrive - 中原大學\中原林穎凡資料夾\2. 研究計畫\2026研討會\JpGU\照片\LINE_ALBUM_JpGU poster(2026525)_260608_85.jpg"
"J188","JpGU 2026","conference/travel-review","LINE_ALBUM_JpGU poster(2026525)_260608_86.jpg","0.18","2026/6/8 上午 07:01:19","C:\Users\YFLin\OneDrive - 中原大學\中原林穎凡資料夾\2. 研究計畫\2026研討會\JpGU\照片\LINE_ALBUM_JpGU poster(2026525)_260608_86.jpg"
"J189","JpGU 2026","conference/travel-review","LINE_ALBUM_JpGU poster(2026525)_260608_87.jpg","0.17","2026/6/8 上午 07:01:19","C:\Users\YFLin\OneDrive - 中原大學\中原林穎凡資料夾\2. 研究計畫\2026研討會\JpGU\照片\LINE_ALBUM_JpGU poster(2026525)_260608_87.jpg"
"J190","JpGU 2026","conference/travel-review","LINE_ALBUM_JpGU poster(2026525)_260608_88.jpg","0.22","2026/6/8 上午 07:01:20","C:\Users\YFLin\OneDrive - 中原大學\中原林穎凡資料夾\2. 研究計畫\2026研討會\JpGU\照片\LINE_ALBUM_JpGU poster(2026525)_260608_88.jpg"
"J191","JpGU 2026","conference/travel-review","LINE_ALBUM_JpGU poster(2026525)_260608_89.jpg","0.16","2026/6/8 上午 07:01:20","C:\Users\YFLin\OneDrive - 中原大學\中原林穎凡資料夾\2. 研究計畫\2026研討會\JpGU\照片\LINE_ALBUM_JpGU poster(2026525)_260608_89.jpg"
"J192","JpGU 2026","conference/travel-review","LINE_ALBUM_JpGU poster(2026525)_260608_9.jpg","0.43","2026/6/8 上午 06:59:11","C:\Users\YFLin\OneDrive - 中原大學\中原林穎凡資料夾\2. 研究計畫\2026研討會\JpGU\照片\LINE_ALBUM_JpGU poster(2026525)_260608_9.jpg"
"J193","JpGU 2026","conference/travel-review","LINE_ALBUM_JpGU poster(2026525)_260608_90.jpg","0.2","2026/6/8 上午 07:01:20","C:\Users\YFLin\OneDrive - 中原大學\中原林穎凡資料夾\2. 研究計畫\2026研討會\JpGU\照片\LINE_ALBUM_JpGU poster(2026525)_260608_90.jpg"
"J194","JpGU 2026","conference/travel-review","LINE_ALBUM_JpGU poster(2026525)_260608_91.jpg","0.19","2026/6/8 上午 07:01:21","C:\Users\YFLin\OneDrive - 中原大學\中原林穎凡資料夾\2. 研究計畫\2026研討會\JpGU\照片\LINE_ALBUM_JpGU poster(2026525)_260608_91.jpg"
"J195","JpGU 2026","conference/travel-review","LINE_ALBUM_JpGU poster(2026525)_260608_92.jpg","0.2","2026/6/8 上午 07:01:21","C:\Users\YFLin\OneDrive - 中原大學\中原林穎凡資料夾\2. 研究計畫\2026研討會\JpGU\照片\LINE_ALBUM_JpGU poster(2026525)_260608_92.jpg"
"J196","JpGU 2026","conference/travel-review","LINE_ALBUM_JpGU poster(2026525)_260608_93.jpg","0.2","2026/6/8 上午 07:01:21","C:\Users\YFLin\OneDrive - 中原大學\中原林穎凡資料夾\2. 研究計畫\2026研討會\JpGU\照片\LINE_ALBUM_JpGU poster(2026525)_260608_93.jpg"
"J197","JpGU 2026","conference/travel-review","LINE_ALBUM_JpGU poster(2026525)_260608_94.jpg","0.2","2026/6/8 上午 07:01:21","C:\Users\YFLin\OneDrive - 中原大學\中原林穎凡資料夾\2. 研究計畫\2026研討會\JpGU\照片\LINE_ALBUM_JpGU poster(2026525)_260608_94.jpg"
"J198","JpGU 2026","conference/travel-review","LINE_ALBUM_JpGU poster(2026525)_260608_95.jpg","0.18","2026/6/8 上午 07:01:22","C:\Users\YFLin\OneDrive - 中原大學\中原林穎凡資料夾\2. 研究計畫\2026研討會\JpGU\照片\LINE_ALBUM_JpGU poster(2026525)_260608_95.jpg"
"J199","JpGU 2026","conference/travel-review","LINE_ALBUM_JpGU poster(2026525)_260608_96.jpg","0.17","2026/6/8 上午 07:01:22","C:\Users\YFLin\OneDrive - 中原大學\中原林穎凡資料夾\2. 研究計畫\2026研討會\JpGU\照片\LINE_ALBUM_JpGU poster(2026525)_260608_96.jpg"
"J200","JpGU 2026","conference/travel-review","LINE_ALBUM_JpGU poster(2026525)_260608_97.jpg","0.17","2026/6/8 上午 07:01:22","C:\Users\YFLin\OneDrive - 中原大學\中原林穎凡資料夾\2. 研究計畫\2026研討會\JpGU\照片\LINE_ALBUM_JpGU poster(2026525)_260608_97.jpg"
"J201","JpGU 2026","conference/travel-review","LINE_ALBUM_JpGU poster(2026525)_260608_98.jpg","0.18","2026/6/8 上午 07:01:23","C:\Users\YFLin\OneDrive - 中原大學\中原林穎凡資料夾\2. 研究計畫\2026研討會\JpGU\照片\LINE_ALBUM_JpGU poster(2026525)_260608_98.jpg"
"J202","JpGU 2026","conference/travel-review","LINE_ALBUM_JpGU poster(2026525)_260608_99.jpg","0.16","2026/6/8 上午 07:01:23","C:\Users\YFLin\OneDrive - 中原大學\中原林穎凡資料夾\2. 研究計畫\2026研討會\JpGU\照片\LINE_ALBUM_JpGU poster(2026525)_260608_99.jpg"
